<?xml version="1.0" encoding="UTF-8"?>
<project-private xmlns="http://www.netbeans.org/ns/project-private/1">
    <editor-bookmarks xmlns="http://www.netbeans.org/ns/editor-bookmarks/2" lastBookmarkId="0"/>
    <open-files xmlns="http://www.netbeans.org/ns/projectui-open-files/2">
        <group>
            <file>file:/home/juan/Documentos/Programas/Java/pruebaAppCompra/src/pruebaappcompra/appProductos.java</file>
            <file>file:/home/juan/Documentos/Programas/Java/pruebaAppCompra/src/pruebaappcompra/Cliente.java</file>
            <file>file:/home/juan/Documentos/Programas/Java/pruebaAppCompra/src/pruebaappcompra/PruebaAppCompra.java</file>
            <file>file:/home/juan/Documentos/Programas/Java/pruebaAppCompra/src/pruebaappcompra/Inventario.java</file>
        </group>
    </open-files>
</project-private>
